title,duration,uploader,view_count,ext,url
Me at the zoo,19,jawed,392417061,mp4,https://www.youtube.com/watch?v=jNQXAC9IVRw
10 sec 2D Test animation,11,Yanmotion,60685,mp4,https://www.youtube.com/watch?v=BB49x_uMlGA
[TEST] 10 Second Countdown,11,Design Pilot,3518,mp4,https://www.youtube.com/watch?v=Hm5ieMoxc4c
My Snowboarding Skillz,11,mw,6598911,mp4,https://www.youtube.com/watch?v=LeAltgu_pbM
10 Second Timer,10,Timer,1305481,mp4,https://www.youtube.com/watch?v=tCDvOQI3pco
Rick Astley - Never Gonna Give You Up (Official Video) (4K Remaster),213,Rick Astley,1776740715,mp4,https://www.youtube.com/watch?v=dQw4w9WgXcQ
Big Buck Bunny 60fps 4K - Official Blender Foundation Short Film,635,Blender,23218085,mp4,https://www.youtube.com/watch?v=aqz-KE-bpKQ
Big Buck Bunny,597,Blender,8937636,mp4,https://www.youtube.com/watch?v=YE7VzlLtp-4
Elephants Dream,654,Blender,441399,mp4,https://www.youtube.com/watch?v=TLkA0RELQ1g
Tears of Steel - Blender VFX Open Movie,734,Blender,2645693,mp4,https://www.youtube.com/watch?v=R6MlUcmOul8
