title,url
Me at the zoo,https://www.youtube.com/watch?v=jNQXAC9IVRw
10 sec 2D Test animation,https://www.youtube.com/watch?v=BB49x_uMlGA
[TEST] 10 Second Countdown,https://www.youtube.com/watch?v=Hm5ieMoxc4c
My Snowboarding Skillz,https://www.youtube.com/watch?v=LeAltgu_pbM
10 Second Timer,https://www.youtube.com/watch?v=tCDvOQI3pco
Rick Astley short,https://www.youtube.com/watch?v=dQw4w9WgXcQ
YouTube logo animation,https://www.youtube.com/watch?v=aqz-KE-bpKQ
Big Buck Bunny trailer,https://www.youtube.com/watch?v=YE7VzlLtp-4
Elephant Dream opening,https://www.youtube.com/watch?v=TLkA0RELQ1g
Glass Half short film,https://www.youtube.com/watch?v=R6MlUcmOul8
